{
    "textures": {
        "0": "block/hay_block_top",
        "1": "block/yellow_terracotta",
		"particle": "block/yellow_terracotta"
    },
	"display": {
        "gui": {
            "rotation": [ 30, 225, 0 ],
            "translation": [ 0, 5, 0],
            "scale":[ 1, 1, 1 ]
        },
        "ground": {
            "rotation": [ 0, 0, 0 ],
            "translation": [ 0, 3, 0],
            "scale":[ 1, 1, 1 ]
        },
        "fixed": {
            "rotation": [ 90, 0, 0 ],
            "translation": [ 0, 0, 8.5 ],
            "scale":[ 1.5, 1.5, 1.5 ]
        },
        "thirdperson_righthand": {
            "rotation": [ 75, 45, 0 ],
            "translation": [ 0, 5, 5],
            "scale": [ 0.8, 0.8, 0.8 ]
        },
        "firstperson_righthand": {
            "rotation": [ 0, 45, 0 ],
            "translation": [ 0, 2, 0 ],
            "scale": [ 1, 1, 1 ]
        },
        "firstperson_lefthand": {
            "rotation": [ 0, 225, 0 ],
            "translation": [ 0, 2, 0 ],
            "scale": [ 1, 1, 1 ]
        }
	},
    "elements": [
        {
            "name": "Waff-mid",
            "from": [ 4.0, 1.0, 4.0 ], 
            "to": [ 12.0, 2.0, 12.0 ], 
            "faces": {
                "north": { "texture": "#0", "uv": [ 0.0, 0.0, 8.0, 1.0 ] },
                "east": { "texture": "#0", "uv": [ 0.0, 0.0, 8.0, 1.0 ] },
                "south": { "texture": "#0", "uv": [ 0.0, 0.0, 8.0, 1.0 ] },
                "west": { "texture": "#0", "uv": [ 0.0, 0.0, 8.0, 1.0 ] },
                "up": { "texture": "#1", "uv": [ 0.0, 0.0, 8.0, 8.0 ] },
                "down": { "texture": "#1", "uv": [ 0.0, 0.0, 8.0, 8.0 ] }
            }
        },
        {
            "name": "Cube",
            "from": [ 3.4999999925494194, 0.4999999925494194, 3.0 ], 
            "to": [ 12.50000000745058, 3.000000014901161, 4.0 ], 
            "faces": {
                "north": { "texture": "#0", "uv": [ 0.0, 0.0, 9.000000014901161, 2.500000022351742 ] },
                "east": { "texture": "#0", "uv": [ 0.0, 0.0, 1.0, 2.500000022351742 ] },
                "south": { "texture": "#0", "uv": [ 0.0, 0.0, 9.000000014901161, 2.500000022351742 ] },
                "west": { "texture": "#0", "uv": [ 0.0, 0.0, 1.0, 2.500000022351742 ] },
                "up": { "texture": "#0", "uv": [ 0.0, 0.0, 9.000000014901161, 1.0 ] },
                "down": { "texture": "#0", "uv": [ 0.0, 0.0, 9.000000014901161, 1.0 ] }
            }
        },
        {
            "name": "Cube",
            "from": [ 3.4999999925494194, 0.4999999925494194, 12.0 ], 
            "to": [ 12.50000000745058, 3.000000014901161, 13.0 ], 
            "faces": {
                "north": { "texture": "#0", "uv": [ 0.0, 0.0, 9.000000014901161, 2.500000022351742 ] },
                "east": { "texture": "#0", "uv": [ 0.0, 0.0, 1.0, 2.500000022351742 ] },
                "south": { "texture": "#0", "uv": [ 0.0, 0.0, 9.000000014901161, 2.500000022351742 ] },
                "west": { "texture": "#0", "uv": [ 0.0, 0.0, 1.0, 2.500000022351742 ] },
                "up": { "texture": "#0", "uv": [ 0.0, 0.0, 9.000000014901161, 1.0 ] },
                "down": { "texture": "#0", "uv": [ 0.0, 0.0, 9.000000014901161, 1.0 ] }
            }
        },
        {
            "name": "Cube",
            "from": [ 3.0, 0.4999999925494194, 3.5000000074505806 ], 
            "to": [ 4.000000014901161, 2.900000013411045, 12.50000000745058 ], 
            "faces": {
                "north": { "texture": "#0", "uv": [ 0.0, 0.0, 1.0000000149011612, 2.4000000208616257 ] },
                "east": { "texture": "#0", "uv": [ 0.0, 0.0, 9.0, 2.4000000208616257 ] },
                "south": { "texture": "#0", "uv": [ 0.0, 0.0, 1.0000000149011612, 2.4000000208616257 ] },
                "west": { "texture": "#0", "uv": [ 0.0, 0.0, 9.0, 2.4000000208616257 ] },
                "up": { "texture": "#0", "uv": [ 0.0, 0.0, 1.0000000149011612, 9.0 ] },
                "down": { "texture": "#0", "uv": [ 0.0, 0.0, 1.0000000149011612, 9.0 ] }
            }
        },
        {
            "name": "Cube",
            "from": [ 12.0, 0.4999999925494194, 3.5000000074505806 ], 
            "to": [ 13.000000014901161, 2.900000013411045, 12.50000000745058 ], 
            "faces": {
                "north": { "texture": "#0", "uv": [ 0.0, 0.0, 1.0000000149011612, 2.4000000208616257 ] },
                "east": { "texture": "#0", "uv": [ 0.0, 0.0, 9.0, 2.4000000208616257 ] },
                "south": { "texture": "#0", "uv": [ 0.0, 0.0, 1.0000000149011612, 2.4000000208616257 ] },
                "west": { "texture": "#0", "uv": [ 0.0, 0.0, 9.0, 2.4000000208616257 ] },
                "up": { "texture": "#0", "uv": [ 0.0, 0.0, 1.0000000149011612, 9.0 ] },
                "down": { "texture": "#0", "uv": [ 0.0, 0.0, 1.0000000149011612, 9.0 ] }
            }
        },
        {
            "name": "Cube",
            "from": [ 4.0, 0.4999999925494194, 4.499999992549419 ], 
            "to": [ 12.000000014901161, 2.5000000074505806, 5.499999992549419 ], 
            "faces": {
                "north": { "texture": "#0", "uv": [ 0.0, 0.0, 8.000000014901161, 2.000000014901161 ] },
                "east": { "texture": "#0", "uv": [ 0.0, 0.0, 1.0, 2.000000014901161 ] },
                "south": { "texture": "#0", "uv": [ 0.0, 0.0, 8.000000014901161, 2.000000014901161 ] },
                "west": { "texture": "#0", "uv": [ 0.0, 0.0, 1.0, 2.000000014901161 ] },
                "up": { "texture": "#0", "uv": [ 0.0, 0.0, 8.000000014901161, 1.0 ] },
                "down": { "texture": "#0", "uv": [ 0.0, 0.0, 8.000000014901161, 1.0 ] }
            }
        },
        {
            "name": "Cube",
            "from": [ 4.0, 0.4999999925494194, 6.499999992549419 ], 
            "to": [ 12.000000014901161, 2.5000000074505806, 7.499999992549419 ], 
            "faces": {
                "north": { "texture": "#0", "uv": [ 0.0, 0.0, 8.000000014901161, 2.000000014901161 ] },
                "east": { "texture": "#0", "uv": [ 0.0, 0.0, 1.0, 2.000000014901161 ] },
                "south": { "texture": "#0", "uv": [ 0.0, 0.0, 8.000000014901161, 2.000000014901161 ] },
                "west": { "texture": "#0", "uv": [ 0.0, 0.0, 1.0, 2.000000014901161 ] },
                "up": { "texture": "#0", "uv": [ 0.0, 0.0, 8.000000014901161, 1.0 ] },
                "down": { "texture": "#0", "uv": [ 0.0, 0.0, 8.000000014901161, 1.0 ] }
            }
        },
        {
            "name": "Cube",
            "from": [ 4.0, 0.4999999925494194, 8.49999999254942 ], 
            "to": [ 12.000000014901161, 2.5000000074505806, 9.49999999254942 ], 
            "faces": {
                "north": { "texture": "#0", "uv": [ 0.0, 0.0, 8.000000014901161, 2.000000014901161 ] },
                "east": { "texture": "#0", "uv": [ 0.0, 0.0, 1.0, 2.000000014901161 ] },
                "south": { "texture": "#0", "uv": [ 0.0, 0.0, 8.000000014901161, 2.000000014901161 ] },
                "west": { "texture": "#0", "uv": [ 0.0, 0.0, 1.0, 2.000000014901161 ] },
                "up": { "texture": "#0", "uv": [ 0.0, 0.0, 8.000000014901161, 1.0 ] },
                "down": { "texture": "#0", "uv": [ 0.0, 0.0, 8.000000014901161, 1.0 ] }
            }
        },
        {
            "name": "Cube",
            "from": [ 4.0, 0.4999999925494194, 10.49999999254942 ], 
            "to": [ 12.000000014901161, 2.5000000074505806, 11.49999999254942 ], 
            "faces": {
                "north": { "texture": "#0", "uv": [ 0.0, 0.0, 8.000000014901161, 2.000000014901161 ] },
                "east": { "texture": "#0", "uv": [ 0.0, 0.0, 1.0, 2.000000014901161 ] },
                "south": { "texture": "#0", "uv": [ 0.0, 0.0, 8.000000014901161, 2.000000014901161 ] },
                "west": { "texture": "#0", "uv": [ 0.0, 0.0, 1.0, 2.000000014901161 ] },
                "up": { "texture": "#0", "uv": [ 0.0, 0.0, 8.000000014901161, 1.0 ] },
                "down": { "texture": "#0",